<?xml version="1.0" encoding="utf-8"?>
<BTPoliceUtilitiesConfiguration xmlns:xsd="http://www.w3.org/2001/XMLSchema" xmlns:xsi="http://www.w3.org/2001/XMLSchema-instance">
  <DatabaseSettings>
    <DatabaseAddress>51.68.162.180</DatabaseAddress>
    <DatabaseUsername>utd910182</DatabaseUsername>
    <DatabasePassword>uK3TyIBn0g</DatabasePassword>
    <DatabaseName>utd910182</DatabaseName>
    <DatabasePort>3306</DatabasePort>
  </DatabaseSettings>
  <useExp>true</useExp>
  <useUconomy>false</useUconomy>
  <ImmunityPermission>BTPoliceUtilities.Immunity</ImmunityPermission>
  <PolicePermission>BTPolice.GetCalls</PolicePermission>
  <PanicTuneEffectID>21850</PanicTuneEffectID>
  <RequireReason>true</RequireReason>
  <JailConfig>
    <CommandRestrictionsBypassPerm>JailCommandPrevent.Bypass</CommandRestrictionsBypassPerm>
    <PreventCommandUsage>false</PreventCommandUsage>
    <MustBeCuffed>true</MustBeCuffed>
    <MinimalJailTime>1</MinimalJailTime>
    <MaximalJailTime>86400</MaximalJailTime>
    <RequireReason>false</RequireReason>
    <JailRadius>5</JailRadius>
    <ReleasePoint>
      <X>804.2012</X>
      <Y>92.70062</Y>
      <Z>605.0216</Z>
    </ReleasePoint>
    <RestrictedCommand>
      <CommandName>home</CommandName>
      <CommandName>tpa</CommandName>
      <CommandName>kit</CommandName>
      <CommandName>fine</CommandName>
      <CommandName>jail</CommandName>
    </RestrictedCommand>
  </JailConfig>
  <Frisking>
    <Items IgnorePermission="Ignore.Admin" ItemId="17" />
    <Items IgnorePermission="Ignore.Admin" ItemId="18" />
  </Frisking>
  <TaserConfiguration>
    <Tasers TaserID="7471" TasedTime="15" TaserPermission="AllowTaser.MapleStrike">
      <CancelDamage>false</CancelDamage>
    </Tasers>
    <Tasers TaserID="7471" TasedTime="20" TaserPermission="AllowTaser.Cobra">
      <CancelDamage>true</CancelDamage>
    </Tasers>
  </TaserConfiguration>
  <DepartmentRanks>
    <Department>
      <DepartmentTag>CPD</DepartmentTag>
      <Ranks>
        <Rank RankGroup="CPD_Cadet" RankName="CPD Cadet" />
        <Rank RankGroup="CPD_Officer" RankName="CPD Officer" />
        <Rank RankGroup="CPD_SeniorOfficer" RankName="CPD Senior Officer" />
        <Rank RankGroup="CPD_Chief" RankName="CPD Chief" />
      </Ranks>
    </Department>
    <Department>
      <DepartmentTag>CSD</DepartmentTag>
      <Ranks>
        <Rank RankGroup="CSD_RifleMan" RankName="Cloud Swat Rifle" />
        <Rank RankGroup="CSD_Sergent" RankName="Cloud Swat Sergent" />
        <Rank RankGroup="CSD_Captain" RankName="Cloud Swat Captain" />
      </Ranks>
    </Department>
  </DepartmentRanks>
  <WebhookHolder>
    <FineWebhook>https://discordapp.com/api/webhooks/{webhook.id}/{webhook.api}</FineWebhook>
    <JailWebhook>https://discordapp.com/api/webhooks/{webhook.id}/{webhook.api}</JailWebhook>
    <HireWebhook>https://discordapp.com/api/webhooks/{webhook.id}/{webhook.api}</HireWebhook>
    <PromoteWebhook>https://discordapp.com/api/webhooks/{webhook.id}/{webhook.api}</PromoteWebhook>
    <DemoteWebhook>https://discordapp.com/api/webhooks/{webhook.id}/{webhook.api}</DemoteWebhook>
    <FireWebhook>https://discordapp.com/api/webhooks/{webhook.id}/{webhook.api}</FireWebhook>
    <BlacklistWebhook>https://discordapp.com/api/webhooks/{webhook.id}/{webhook.api}</BlacklistWebhook>
    <SetBailWebhook>https://discordapp.com/api/webhooks/{webhook.id}/{webhook.api}</SetBailWebhook>
    <PayBailWebhook>https://discordapp.com/api/webhooks/{webhook.id}/{webhook.api}</PayBailWebhook>
  </WebhookHolder>
  <DebugMode>true</DebugMode>
</BTPoliceUtilitiesConfiguration>