<?xml version="1.0" encoding="utf-8"?>
<Translations xmlns:xsd="http://www.w3.org/2001/XMLSchema" xmlns:xsi="http://www.w3.org/2001/XMLSchema-instance">
  <Translation Id="TranslationKeyEmpty" Value="ERROR: TranslationKey is Empty" />
  <Translation Id="ProperUsage" Value="[color=#FF0000]{{BTPolice}} [/color][color=#F3F3F3]Proper Usage |[/color] [color=#3E65FF]{0}[/color]" />
  <Translation Id="DatabaseDataNull" Value="[color=#FF0000]{{BTPolice}} [/color] [color=#F3F3F3]ERROR: No Data found![/color]" />
  <Translation Id="TargetNotFound" Value="[color=#FF0000]{{BTPolice}} [/color] [color=#F3F3F3]Target Not Found![/color]" />
  <Translation Id="FineTargetMessage" Value="You have received a Ticket for {1} by {0}" />
  <Translation Id="FineBroadcast" Value="[color=#FF0000]{{BTPolice}} [/color][color=#3E65FF] {0}[/color] [color=#F3F3F3]has been issued a[/color] [color=#3E65FF]Citation[/color] [color=#F3F3F3]from[/color] [color=#4CDB3D]{1}[/color]" />
  <Translation Id="Fine_PayOthersFine" Value="[color=#FF0000]{{BTPolice}} [/color][color=#F3F3F3]Unable to pay Other Players fines![/color]" />
  <Translation Id="PayFine_FineIdNotFound" Value="[color=#FF0000]{{BTPolice}} [/color][color=#3E65FF]FineId[/color] [color=#F3F3F3]Not Found![/color]" />
  <Translation Id="PayFine_MissingFunds" Value="[color=#FF0000]{{BTPolice}} Missing[/color] [color=#F3F3F3]Funds! Needed $[/color][color=#4CDB3D]{0}[/color] [color=#F3F3F3]| Fine Id:[/color] [color=#3E65FF]{1}[/color]" />
  <Translation Id="PayFine_Payed" Value="[color=#FF0000]{{BTPolice}} [/color][color=#F3F3F3]You have paid $[/color][color=#4CDB3D]{0}[/color] [color=#F3F3F3]for Fine:[/color] [color=#3E65FF]{1}[/color]" />
  <Translation Id="PayFine_InvalidFormat" Value="[color=#FF0000]{{BTPolice}} [/color][color=#3E65FF]{0}[/color] [color=#F3F3F3]contains a Character. This must remain as a Number[/color]" />
  <Translation Id="FineAlreadyPaid" Value="[color=#FF0000]{{BTPolice}} [/color][color=#F3F3F3]Unable to pay for[/color] [color=#3E65FF]{0}[/color] [color=#F3F3F3]Case as its already been paid for![/color]" />
  <Translation Id="BadFormat" Value="[color=#FF0000]{{BTPolice}} [/color][color=#3E65FF]Bad Format: {0}[/color]" />
  <Translation Id="Department_Created" Value="[color=#FF0000]{{BTPolice}} [/color][color=#3E65FF]{0}[/color] [color=#F3F3F3]has been created with the Abbreviation of [/color][color=#3E65FF]{1}[/color][color=#F3F3F3]![/color]" />
  <Translation Id="Department_AbbExists" Value="[color=#FF0000]{{BTPolice}} [/color][color=#3E65FF]{0}[/color] [color=#F3F3F3]is already a Registerd Department[/color]" />
  <Translation Id="Department_Deleted" Value="[color=#FF0000]{{BTPolice}} [/color][color=#F3F3F3]You have successfully[/color] [color=#FF0000]Deleted[/color] [color=#F3F3F3]Department:[/color] [color=#3E65FF]{0}[/color][color=#F3F3F3]![/color]" />
  <Translation Id="Department_DeletedError" Value="[color=#FF0000]{{BTPolice}} ERROR[/color][color=#F3F3F3]! Department:[/color] [color=#3E65FF]{0}[/color] [color=#F3F3F3]Not found in the Database![/color]" />
  <Translation Id="ActiveFines_CommandRun" Value="[color=#F3F3F3]&lt;---&gt;[/color][color=#3E65FF]Active Fines[/color][color=#F3F3F3]&lt;---&gt;[/color]" />
  <Translation Id="ActiveFines_FineList" Value="[color=#F3F3F3]Id:[/color] [color=#3E65FF]{0}[/color] [color=#F3F3F3]| Amount:[color=#F3F3F3] [color=#3E65FF]{1}[/color] [color=#F3F3F3]| Reason:[/color] [color=#3E65FF]{2}[/color] [color=#F3F3F3]| Date Issued:[/color] [color=#3E65FF]{3}[/color] " />
  <Translation Id="ActiveFines_NoFines" Value="[color=#FF0000]{{BTPolice}} [/color][color=#F3F3F3]No Active Fines![/color]" />
  <Translation Id="PlayerMessage_TargetPromoted" Value="[color=#FF0000]{{BTPolice}} [/color][color=#F3F3F3]You have Promoted [/color][color=#3E65FF]{0}[/color] [color=#F3F3F3]to[/color] [color=#3E65FF]{1}[/color] [color=#F3F3F3]in[/color] [color=#3E65FF]{2}[/color] [color=#F3F3F3]Department![/color]" />
  <Translation Id="DeleteFine_FineDeleted" Value="[color=#FF0000]{{BTPolice}} [/color][color=#F3F3F3]You have Successfully Delete Fine ID:[/color][color=#3E65FF] {0}[/color]" />
  <Translation Id="DeleteFine_Invalid" Value="[color=#FF0000]{{BTPolice}} [/color][color=#F3F3F3]Unable to find Case ID of: [/color][color=#3E65FF]{0}[/color]" />
  <Translation Id="ClearHistory_Cleared" Value="[color=#FF0000]{{BTPolice}} [/color][color=#3E65FF]{0}[/color] [color=#F3F3F3]Criminal History has been cleared![/color]" />
  <Translation Id="TargetMessage_TargetPromoted" Value="[color=#FF0000]{{BTPolice}} [/color][color=#F3F3F3]You have been Promoted to [color=#3E65FF]{0}[/color] [color=#F3F3F3]in[/color] [color=#3E65FF]{1}[/color] [color=#F3F3F3]Department![/color]" />
  <Translation Id="PlayerMessage_TargetFired" Value="[color=#FF0000]{{BTPolice}} [/color][color=#F3F3F3]You have fired[/color] [color=#3E65FF]{0}[/color] [color=#F3F3F3]from[/color] [color=#3E65FF]{1}[/color] [color=#F3F3F3]Department![/color]" />
  <Translation Id="Promote_CannotPromoteFurther" Value="[color=#FF0000]{{BTPolice}} [/color] [color=#3E65FF]{0}[/color] [color=#F3F3F3]has reached the Max Department Rank of[/color] [color=#3E65FF]{1}[/color]" />
  <Translation Id="TargetMessage_TargetFired" Value="[color=#FF0000]{{BTPolice}} [/color][color=#F3F3F3]You have been Fired from [/color][color=#3E65FF]{0}[/color] [color=#F3F3F3]Department![/color]" />
  <Translation Id="PlayerMessage_TargetDemoted" Value="[color=#FF0000]{{BTPolice}} [/color][color=#F3F3F3]You have Demoted [/color][color=#3E65FF]{0}[/color] [color=#F3F3F3]to[/color] [color=#3E65FF]{1}[/color] [color=#F3F3F3]in[/color] [color=#3E65FF]{2}[/color] [color=#F3F3F3]Department![/color]" />
  <Translation Id="TargetMessage_TargetDemoted" Value="[color=#FF0000]{{BTPolice}} [/color][color=#F3F3F3]You have been Demoted to [color=#3E65FF]{0}[/color] [color=#F3F3F3]in[/color] [color=#3E65FF]{1}[/color] [color=#F3F3F3]Department![/color]" />
  <Translation Id="Demoted_LowestRank0" Value="[color=#FF0000]{{BTPolice}} [/color] [color=#3E65FF]{0}[/color] [color=#F3F3F3]Cannot be Demoted any further in[/color] [color=#3E65FF]{1}[/color] [color=#F3F3F3]Department![/color]" />
  <Translation Id="PlayerMessage_TargetHired" Value="[color=#FF0000]{{BTPolice}} [/color][color=#F3F3F3][color=#F3F3F3]You have Hired[/color] [color=#3E65FF]{0}[/color] [color=#F3F3F3]as a[/color] [color=#FF3716]{1}[/color][color=#F3F3F3]![/color]" />
  <Translation Id="TargetMessage_TargetHired" Value="[color=#FF0000]{{BTPolice}} [/color][color=#F3F3F3][color=#F3F3F3]You have been Hired by[/color] [color=#3E65FF]{0}[/color] [color=#F3F3F3]as a [color=#FF3716]{1}[/color][color=#F3F3F3]![/color]" />
  <Translation Id="Hire_AlreadyOfficer" Value="[color=#FF0000]{{BTPolice}} [/color][color=#3E65FF]{0}[/color] [color=#F3F3F3]is already apart of[/color] [color=#FF3716]{1}[/color]" />
  <Translation Id="Fire_NotInDepartment" Value="[color=#FF0000]{{BTPolice}} [/color][color=#3E65FF]{0}[/color] [color=#F3F3F3]is not apart of[/color] [color=#3E65FF]{1}[/color]" />
  <Translation Id="NotActiveInDepartment" Value="[color=#FF0000]{{BTPolice}} [/color][color=#3E65FF]{0}[/color] [color=#F3F3F3]is currently not active in[/color] [color=#3E65FF]{1}[/color] [color=#F3F3F3]Department![/color]" />
  <Translation Id="Department_NotFound" Value="[color=#FF0000]{{BTPolice}} [/color][color=#F3F3F3]Department Abbreviation[/color] [color=#3E65FF]{0}[/color] [color=#F3F3F3]not found![/color]" />
  <Translation Id="ListDepartments_Department" Value="[color=#F3F3F3]Dept Name:[/color] [color=#3E65FF]{0}[/color] [color=#F3F3F3]| Dept Abb:[/color] [color=#3E65FF]{1}[/color]" />
  <Translation Id="ListOfficers_Header" Value="[color=#3E65FF]{0}[/color] [color=#F3F3F3]Department Officers[/color]" />
  <Translation Id="ListOfficers_Officers" Value="[color=#F3F3F3]Officer:[/color] [color=#3E65FF]{0}[/color] [color=#F3F3F3]| SteamId:[/color] [color=#3E65FF]{1}[/color] [color=#F3F3F3]| Date Joined:[/color] [color=#3E65FF]{2}[/color]" />
  <Translation Id="Hire_DepartmentBlacklisted" Value="[color=#FF0000]{{BTPolice}} [/color][color=#3E65FF]{0}[/color] [color=#F3F3F3]is[/color] [color=#FF0000]Blacklisted[/color][color=#F3F3F3] from Re-Joining[/color] [color=#3E65FF]{1}[/color][color=#F3F3F3]![/color]" />
  <Translation Id="Blacklist_NotOfficer" Value="[color=#FF0000]{{BTPolice}} [/color][color=#3E65FF]{0}[/color] [color=#F3F3F3]is not a Registerd Officer with the Department:[/color] [color=#3E65FF]{1}[/color]" />
  <Translation Id="Blacklist_BlacklistedAlready" Value="[color=#FF0000]{{BTPolice}} [/color][color=#3E65FF]{0}[/color] [color=#F3F3F3]is already Blacklisted from[/color] [color=#3E65FF]{1}[/color][color=#F3F3F3] Department![/color]" />
  <Translation Id="BlacklistAdd_PlayerMessage" Value="[color=#FF0000]{{BTPolice}} [/color][color=#F3F3F3]You have Blacklisted[/color] [color=#3E65FF]{0}[/color] [color=#F3F3F3]from[/color] [color=#3E65FF]{1}[/color][color=#F3F3F3]![/color]" />
  <Translation Id="BlacklistAdd_TargetMessage" Value="[color=#FF0000]{{BTPolice}} [/color][color=#F3F3F3]You have been Blacklisted from [/color][color=#3E65FF]{0}[/color][color=#F3F3F3] by[/color] [color=#3E65FF]{1}[/color]" />
  <Translation Id="BlacklistRemove_PlayerMessage" Value="[color=#FF0000]{{BTPolice}} [/color] [color=#F3F3F3]You have removed[/color] [color=#3E65FF]{0}[/color] [color=#F3F3F3]Blacklist in[/color] [color=#3E65FF]{1}[/color] [color=#F3F3F3]Department![/color]" />
  <Translation Id="BlacklistRemove_TargetMessage" Value="[color=#FF0000]{{BTPolice}} [/color] [color=#F3F3F3]Your Blacklist in[/color] [color=#3E65FF]{0}[/color] [color=#F3F3F3]Department has been Removed by:[/color] [color=#3E65FF]{1}[/color]" />
  <Translation Id="BlacklistRemove_NotBlacklisted" Value="[color=#3E65FF]{0}[/color] [color=#F3F3F3]is currently not Blacklisted from[/color] [color=#3E65FF]{1}[/color] [color=#F3F3F3]Department[/color]" />
  <Translation Id="WipeDepartment_Wiped" Value="[color=#FF0000]{{BTPolice}} [/color][color=#F3F3F3]You have successfully wiped[/color] [color=#3E65FF]{0}[/color] [color=#F3F3F3]Department containing[/color] [color=#3E65FF]{1}[/color] [color=#F3F3F3]Officer(s)! [/color]" />
  <Translation Id="CreateCell_CellNameExists" Value="[color=#FF0000]{{BTPolice}} [/color][color=#3E65FF]{0}[/color] [color=#F3F3F3]Cell Name already Exists for Department[/color] [color=#3E65FF]{1}[/color][color=#F3F3F3]![/color]" />
  <Translation Id="CreateCell_CellCreated" Value="[color=#FF0000]{{BTPolice}} [/color][color=#3E65FF]{0}[/color] [color=#F3F3F3] Cell has been created for [/color][color=#3E65FF]{1}[/color][color=#F3F3F3] Department![/color]" />
  <Translation Id="DeleteCell_DosentExists" Value="[color=#FF0000]{{BTPolice}} [/color][color=#3E65FF]{0}[/color] [color=#F3F3F3]Cell Name does not Exists for Department[/color] [color=#3E65FF]{1}[/color][color=#F3F3F3]![/color]" />
  <Translation Id="DeleteCell_Deleted" Value="[color=#FF0000]{{BTPolice}} [/color][color=#F3F3F3]You have Successfully Deleted [/color][color=#3E65FF]{0}[/color][color=#F3F3F3] Cell from [/color][color=#3E65FF]{1}[/color] [color=#F3F3F3]Department![/color]" />
  <Translation Id="Jail_CellNameNotFound" Value="[color=#FF0000]{{BTPolice}} [/color][color=#3E65FF]{0}[/color] [color=#F3F3F3]Cell Name Not Found![/color]" />
  <Translation Id="Jail_DurationNotNumber" Value="[color=#FF0000]{{BTPolice}} [/color][color=#3E65FF]{0}[/color] [color=#F3F3F3]Is not a Number!![/color]" />
  <Translation Id="Jail_DurationError" Value="[color=#FF0000]{{BTPolice}} [/color][color=#F3F3F3]Invalid Time! Duration Must be [/color][color=#3E65FF]{0}[/color][color=#F3F3F3] then[/color][color=#3E65FF] {1}[/color] [color=#F3F3F3]Seconds![/color]" />
  <Translation Id="Jail_AlreadyJailed" Value="[color=#FF0000]{{BTPolice}} [/color][color=#3E65FF]{0}[/color] [color=#F3F3F3]is already Jailed![/color]" />
  <Translation Id="Jail_TargetMustBeCuffed" Value="[color=#FF0000]{{BTPolice}} [/color][color=#3E65FF]{0}[/color] [color=#F3F3F3]must be cuffed to send him to Jail[/color]" />
  <Translation Id="Jail_PlayerMessage" Value="[color=#FF0000]{{BTPolice}} [/color][color=#F3F3F3]You have Successfully jailed[/color] [color=#3E65FF]{0}[/color] [color=#F3F3F3]for[/color] [color=#3E65FF]{1}[/color] [color=#F3F3F3]! Jail Sentence:[/color] [color=#3E65FF]{2}[/color]" />
  <Translation Id="Jail_TargetMessage" Value="[color=#FF0000]{{BTPolice}} [/color][color=#F3F3F3]You have been jailed by [/color] [color=#3E65FF]{0}[/color] [color=#F3F3F3]for[/color] [color=#3E65FF]{1}[/color] [color=#F3F3F3]! Jail Sentence:[/color] [color=#3E65FF]{2}[/color]" />
  <Translation Id="Jail_TimeServed" Value="[color=#FF0000]{{BTPolice}} [/color][color=#F3F3F3]You have completed your sentance of[/color] [color=#3E65FF]{0}[/color][color=#F3F3F3]![/color]" />
  <Translation Id="Jail_onJoinedTimeRemaining" Value="[color=#FF0000]{{BTPolice}} [/color][color=#F3F3F3]You have[/color] [color=#3E65FF]{0}[/color] [color=#F3F3F3]Left on your Jail Sentance![/color]" />
  <Translation Id="Jail_NotApartOfDepartment" Value="[color=#FF0000]{{BTPolice}} [/color][color=#F3F3F3]You are not apart of[/color] [color=#3E65FF]{0}[/color] [color=#F3F3F3]Department. Therefore you cannot use Cell[/color] [color=#3E65FF]{1}[/color][color=#F3F3F3]![/color]" />
  <Translation Id="Release_GotReleased" Value="[color=#FF0000]{{BTPolice}} [/color][color=#F3F3F3]You have released[/color] [color=#3E65FF]{0}[/color] [color=#F3F3F3]from their Imprisonment[/color]" />
  <Translation Id="Jail_TriedToLeave" Value="[color=#FF0000]{{BTPolice}} [/color][color=#F3F3F3]You are in jail for another [/color][color=#3E65FF]{0}[/color][color=#F3F3F3]![/color]" />
  <Translation Id="SetReleasePoint_PointAdded" Value="[color=#FF0000]{{BTPolice}} [/color][color=#F3F3F3]Release Point Added at X: [/color][color=#3E65FF]{0}[/color] [color=#F3F3F3]| Y:[/color] [color=#3E65FF]{1}[/color] [color=#F3F3F3]Z:[/color] [color=#3E65FF]{2}[/color]" />
  <Translation Id="ListCell_NoCells" Value="[color=#FF0000]{{BTPolice}} [/color][color=#F3F3F3]There are currently no Active Cells for[/color] [color=#3E65FF]{0}[/color] Department" />
  <Translation Id="ListCells_Cell" Value="[color=#FF0000]{{BTPolice}} [/color][color=#F3F3F3]Cell Name: [/color][color=#3E65FF]{0}[/color][color=#F3F3F3] | X: [/color][color=#3E65FF]{1}[/color] [color=#F3F3F3]| Y:[/color] [color=#3E65FF]{2}[/color] [color=#F3F3F3]Z:[/color] [color=#3E65FF]{3}[/color]" />
  <Translation Id="TeleportToCell_Teleported" Value="[color=#FF0000]{{BTPolice}} [/color][color=#F3F3F3]Successfully Teleported to [/color][color=#3E65FF]{0}[/color][color=#F3F3F3] Cell from [/color][color=#3E65FF]{1}[/color][color=#F3F3F3] Department[/color]" />
  <Translation Id="Jail_CommandUsageRestricted" Value="[color=#FF0000]{{BTPolice}} [/color][color=#F3F3F3]Unable to use[/color] [color=#3E65FF]{0}[/color] [color=#F3F3F3]while in Jail![/color]" />
  <Translation Id="SetBail_NewBailAdded" Value="[color=#FF0000]{{BTPolice}} [/color][color=#F3F3F3]You have Successfully set[/color] [color=#3E65FF]{0} [/color][color=#F3F3F3]Bail at $[/color][color=#3E65FF]{1}[/color]" />
  <Translation Id="SetBail_BailUpdated" Value="[color=#FF0000]{{BTPolice}} [/color][color=#F3F3F3]You have Successfully Updated[/color] [color=#3E65FF]{0} [/color][color=#F3F3F3]Bail from $[/color][color=#3E65FF]{1}[/color] [color=#F3F3F3]to $[/color][color=#3E65FF]{2}[/color]" />
  <Translation Id="SetBail_TargetMessage" Value="[color=#FF0000]{{BTPolice}} [/color][color=#F3F3F3]Your Bail has been set to $[/color][color=#3E65FF]{0}[/color] [color=#F3F3F3]by[/color][color=#3E65FF] {1}[/color]" />
  <Translation Id="Target_NotJailed" Value="[color=#FF0000]{{BTPolice}} [/color][color=#3E65FF]{0}[/color] [color=#F3F3F3]is currently not in Jail![/color]" />
  <Translation Id="Target_IsJailed" Value="[color=#FF0000]{{BTPolice}} [/color][color=#3E65FF]{0}[/color] [color=#F3F3F3]is currently jailed for [color=#3E65FF]{1}[/color][color=#F3F3F3]![/color]" />
  <Translation Id="TaseCommand_InvalidNumber" Value="[color=#FF0000]{{BTPolice}} [/color][color=#3E65FF]{0}[/color] [color=#F3F3F3]must be a number![/color]" />
  <Translation Id="TaseCommand_Tased" Value="[color=#FF0000]{{BTPolice}} [/color][color=#3E65FF]{0}[/color] [color=#F3F3F3]has been successfully tased for {1} Seconds![/color]" />
  <Translation Id="CuffCommand_Cuffed" Value="[color=#FF0000]{{BTPolice}} [/color][color=#F3F3F3]You have cuffed[/color] [color=#3E65FF]{0}[/color]" />
  <Translation Id="CuffCommand_UnCuffed" Value="[color=#FF0000]{{BTPolice}} [/color][color=#F3F3F3]You have Un-Cuffed[/color] [color=#3E65FF]{0}[/color]" />
  <Translation Id="DebugMode_Changed" Value="[color=#FF0000]{{BTPolice}} [/color][color=#F3F3F3]Debug Mode has been[/color] [color=#3E65FF]{0}[/color][color=#F3F3F3]![/color]" />
  <Translation Id="History_AllInfo" Value="[color=#FF0000]{{BTPolice}} [/color][color=#3E65FF]{0}[/color][color=#F3F3F3] currently has[/color][color=#3E65FF] {1}[/color][color=#F3F3F3] Citation(s) |[/color][color=#3E65FF] {2}[/color][color=#F3F3F3] Arrest Report(s)[/color]" />
  <Translation Id="History_Title" Value="[color=#FF0000]{{BTPolice}} [/color][color=#3E65FF]{0}[/color] [color=#F3F3F3]{1}[/color]" />
  <Translation Id="History_Arrests" Value="[color=#F3F3F3]Officer:[/color] [color=#3E65FF]{0}[/color][color=#F3F3F3] | Reason:[/color] [color=#3E65FF]{1}[/color][color=#F3F3F3] | Issued:[/color] [color=#3E65FF]{2}[/color]" />
  <Translation Id="History_Fines" Value="[color=#F3F3F3]Officer:[/color] [color=#3E65FF]{0}[/color][color=#F3F3F3] | Reason:[/color] [color=#3E65FF]{1}[/color][color=#F3F3F3] | Paid:[/color] {2}[color=#F3F3F3] | Issued:[/color] [color=#3E65FF]{3}[/color]" />
  <Translation Id="BailInfo_CannotBail" Value="[color=#FF0000]{{BTPolice}} [/color][color=#F3F3F3]Unable to Bail[/color] [color=#3E65FF]{0}[/color][color=#F3F3F3]![/color]" />
  <Translation Id="BailInfo_Info" Value="[color=#FF0000]{{BTPolice}} [/color][color=#F3F3F3]Name: [/color][color=#3E65FF]{0}[/color][color=#F3F3F3] | Bail Amount: [/color][color=#3E65FF]{1}[/color][color=#F3F3F3] | Reason: [/color][color=#3E65FF]{2}[/color]" />
  <Translation Id="PayBail_MissingFunds" Value="[color=#FF0000]{{BTPolice}} [/color][color=#F3F3F3]Missing[/color] [color=#F3F3F3]Funds! Needed $[/color][color=#4CDB3D]{0}[/color] [color=#F3F3F3]![/color]" />
  <Translation Id="PayBail_PaidPlayerMessage" Value="[color=#FF0000]{{BTPolice}} [/color][color=#F3F3F3]You have successfuly paid[/color] [color=#3E65FF]{0}[/color] [color=#F3F3F3]Bail of $[/color][color=#4CDB3D]{1}[/color]" />
  <Translation Id="PayBail_PaidTargetMessage" Value="[color=#FF0000]{{BTPolice}} [/color][color=#3E65FF]{0}[/color] [color=#F3F3F3]has paid your Bail of $[/color][color=#4CDB3D]{1}[/color]!" />
  <Translation Id="OfficerDepartments_Department" Value="[color=#F3F3F3]Name:[/color]  [color=#3E65FF]{0}[/color] [color=#F3F3F3]| Department:[/color]  [color=#3E65FF]{1}[/color][color=#F3F3F3] | Current Rank:[/color]  [color=#3E65FF]{2}[/color][color=#F3F3F3] | Joined:[/color]  [color=#3E65FF]{3}[/color]" />
  <Translation Id="OfficerDepartments_NotInAnyDepartment" Value="[color=#FF0000]{{BTPolice}} [/color][color=#3E65FF]{0}[/color][color=#F3F3F3] is not apart of any Department![/color]" />
  <Translation Id="Frisk_SuccessfullyRan" Value="[color=#FF0000]{{BTPolice}} [/color][color=#F3F3F3]You have Successfully Frisked [/color][color=#3E65FF]{0}[/color]" />
  <Translation Id="Frisk_TargetMessage" Value="[color=#FF0000]{{BTPolice}} [/color][color=#3E65FF]{0} [/color][color=#F3F3F3]is currently Frisking you.[/color]" />
  <Translation Id="Emergency_IncomingCall" Value="[color=#FF0000]{{BTPolice}} [/color][color=#3E65FF]Incoming Call[/color][color=#F3F3F3]![/color] [color=#F3F3F3]Caller: [/color][color=#3E65FF]{0}[/color] [color=#F3F3F3]| Nearest Location:[/color] [color=#3E65FF]{1}[/color] [color=#F3F3F3]| Call Details:[/color] [color=#3E65FF]{2}[/color]" />
  <Translation Id="PoliceChat_Message" Value="[color=#345ECB]{{Police Chat}} [/color][color=#3E65FF]{0}[/color][color=#F3F3F3]: {1}[/color]" />
  <Translation Id="PanicPressed" Value="[color=#FF0000]{{BTPolice}} [/color][color=#3E65FF]{0}[/color] [color=#F3F3F3]has pressed their Panic Button. GPS Location has been Udpated![/color]" />
  <Translation Id="UI_TargetMustBeOnline" Value="[color=#FF0000]{{BTPolice}} [/color][color=#3E65FF]{0}[/color] [color=#F3F3F3]Must be online to use this function![/color]" />
</Translations>